[
	
	# crdb UAT 12c updated servers
	{
		"destination":"10.60.251.196",
		"protocol":"tcp",
		"ports":"1701"
	},	
	
	# layer7 sit
	{
		"destination": "10.63.228.13",
		"ports": "15012",
		"protocol": "tcp"
	},

	# crdb 12c EBF
	{
		"destination": "10.60.173.149",
		"ports": "1701",
		"protocol": "tcp"
	},
	
	# CRDB SIT oracle 12c
	{
		"destination": "10.60.45.67",
		"ports": "1701",
		"protocol": "tcp"
	},

	# crdb DELFIX 12c 
	{
		"destination":"10.60.13.24",
		"protocol":"tcp",
		"ports":"1707"
	},

	# SIT 19c server
	{
	   "destination":"10.60.251.128",
	   "protocol":"tcp",
	   "ports":"1701"
	}
]



